id,y
10000,-66.00242349023135
10001,451.4065044011547
10002,-461.67641706029883
10003,40.50120875372293
10004,-126.744722454037
10005,-342.5345518192506
10006,-396.5555421135888
10007,335.5412790790871
10008,-99.51242087062374
10009,304.81253980627565
10010,68.89453048978525
10011,412.3691954559069
10012,54.94237102476793
10013,-17.005550754779666
10014,-597.8499575722609
10015,443.5022887864146
10016,144.77448697804368
10017,-57.41116367253628
10018,134.38782757746048
10019,-108.98377598910876
10020,153.82482842506704
10021,611.735983602202
10022,588.3896503384217
10023,-131.01679995801967
10024,-61.1356211412294
10025,-374.24849531697265
10026,74.15799307965393
10027,137.43837873610408
10028,420.08661179679035
10029,196.76562571344292
10030,268.44284980053146
10031,638.4749102511086
10032,127.37873138691963
10033,1.3491187584002364
10034,22.710453177407967
10035,342.23953452256444
10036,307.7039669741719
10037,348.13820870093963
10038,-168.65286130735404
10039,-20.22113090461716
10040,-551.7499275731113
10041,-429.9718040667401
10042,261.8919587067436
10043,389.82042612922106
10044,-96.1656222735655
10045,-210.71080125632452
10046,278.8818687840114
10047,-427.4533010310489
10048,-172.9032529175671
10049,467.2643783557855
10050,-631.5587355874387
10051,-355.53165933817826
10052,143.17327553860366
10053,69.19920259894198
10054,275.5882739767256
10055,-263.1886122041024
10056,167.49830723241246
10057,104.57789589014256
10058,230.07008661007538
10059,20.988026644576188
10060,-4.822581262501512
10061,-201.92294081063721
10062,560.0639265657699
10063,55.288476252448845
10064,671.3015746918344
10065,-493.7487382852283
10066,-279.35303673259193
10067,-53.71252761314789
10068,379.6981955009749
10069,315.0714108579814
10070,169.130017326143
10071,-271.59930326901116
10072,783.8022226750339
10073,44.57731151554833
10074,57.40678005457759
10075,-161.07827414306797
10076,-220.66957847885726
10077,223.24129442929126
10078,352.6655955437539
10079,13.163291366265758
10080,-461.99414698573037
10081,305.3721466914234
10082,-230.59656173861114
10083,359.0744432425438
10084,-430.26056337592115
10085,-115.54882205546201
10086,-88.96006387867389
10087,-488.2901898080417
10088,-139.35033854713532
10089,57.338808108526685
10090,-190.33624272166426
10091,-6.50809291482438
10092,189.29107774701814
10093,346.6036781856552
10094,871.6273206485891
10095,-147.01353738653836
10096,443.48993777942974
10097,-30.498432974436845
10098,185.4634575344594
10099,-119.9171715173279
10100,43.5752380018074
10101,58.318571552244165
10102,-197.15246829839768
10103,-70.47160678841222
10104,-342.84605328866735
10105,-29.233589873716856
10106,49.52292929610346
10107,-16.246144137913227
10108,33.775069261606994
10109,-68.88307748324112
10110,25.863399493696704
10111,-617.3142842716952
10112,-185.90441301194898
10113,323.7831061093862
10114,-35.66219572212769
10115,-733.5297711613832
10116,-240.73856264736077
10117,-381.9731466242489
10118,75.31994462169477
10119,36.61032645911791
10120,-28.756270225023066
10121,-481.16062796858785
10122,408.85023042298855
10123,-765.0217471991629
10124,178.0726965163703
10125,-7.649879385673422
10126,134.796846233759
10127,-477.45851421287017
10128,-248.70625301323597
10129,-361.8846572238635
10130,-18.75561174855423
10131,7.795604374434389
10132,-109.10598972538374
10133,-63.073745242194384
10134,591.8231837349155
10135,259.6126336966278
10136,-279.8658320087673
10137,93.2253594005185
10138,-427.28731541913515
10139,84.38656633089792
10140,-311.54463064415546
10141,11.419268612561396
10142,-297.83146842358497
10143,-331.92897096864317
10144,656.0132305257306
10145,-476.6626813650536
10146,361.1940451337745
10147,-150.18526861192294
10148,299.946719024324
10149,-191.72143219270768
10150,151.9499951161198
10151,-64.6727578157643
10152,351.24486163063335
10153,-370.6364457562722
10154,349.2249817861107
10155,273.52460961680134
10156,783.1971843196872
10157,-124.23788973573993
10158,-155.2200443299085
10159,-506.95564938641
10160,201.69321238561528
10161,-415.1740571596361
10162,-348.1651051695645
10163,-201.95224108680944
10164,-658.9504470533366
10165,179.34640168171515
10166,124.06925816168732
10167,-209.15025355201766
10168,213.70513477400573
10169,-82.11721023808954
10170,-97.11026989726848
10171,124.26800574648037
10172,50.28991565714264
10173,538.7439592813363
10174,630.0175345543364
10175,217.259277826544
10176,-491.73374132670745
10177,-131.14175113883257
10178,362.39302241729433
10179,-14.363038055408225
10180,-30.261757361676153
10181,-107.32358076729888
10182,-334.0625929296716
10183,299.5063996464326
10184,-103.47221484505346
10185,179.82049946719428
10186,122.20070887900698
10187,86.58037161690645
10188,386.4825605669918
10189,-613.3611745045821
10190,-269.8163873834626
10191,260.7314512622859
10192,-44.62016128042739
10193,-159.1571757641682
10194,-145.24559879357508
10195,447.2282148760008
10196,476.35698596959486
10197,121.7942134532725
10198,-1.5356790561063076
10199,410.7440965387807
10200,90.82809979964746
10201,150.073369568451
10202,24.033652961546892
10203,273.8866340536301
10204,-154.52926038025117
10205,42.5889015070658
10206,617.3417063168561
10207,38.93936076142953
10208,-91.43610119490421
10209,225.3532747739113
10210,151.05827577085654
10211,-86.91664773645999
10212,-101.71788958007275
10213,161.93776502605516
10214,357.8704141035449
10215,32.145978186554174
10216,-379.1453992002917
10217,-165.942132223672
10218,257.4539216945409
10219,-124.83850779184122
10220,47.08451472299181
10221,-67.05065138980204
10222,287.17334413416353
10223,836.2674277701619
10224,-78.73329260205652
10225,-293.0092291521938
10226,284.9163264622557
10227,377.9514320082276
10228,-473.94261958972237
10229,-538.8094549766038
10230,-372.90475040318677
10231,-83.37700889968757
10232,157.46205951911276
10233,167.50291456151027
10234,-105.69040574319641
10235,561.1616879176281
10236,-149.35531895746814
10237,196.96680512352248
10238,-33.81991172757989
10239,5.199419882337451
10240,-121.70842296063238
10241,53.47357981737825
10242,531.2918938411243
10243,-157.6026225893761
10244,-183.77196239261215
10245,643.8322464256624
10246,17.78030601012953
10247,-92.07939719460265
10248,485.4931646050746
10249,-221.23657860793924
10250,490.60650504846126
10251,-43.677159154250205
10252,139.93322987117645
10253,207.50447442761083
10254,17.092647024360165
10255,-396.47203316052884
10256,-168.30166761529136
10257,-75.5932410012445
10258,-292.07350780076945
10259,-59.37366534663305
10260,247.3690470643842
10261,206.8311275818561
10262,17.46246446408011
10263,-181.81148500656982
10264,300.1761509454857
10265,-567.6387247955885
10266,311.5932728526347
10267,-9.929511835492164
10268,161.40782304547807
10269,272.3855992297234
10270,55.122457419425565
10271,-15.278267412197462
10272,286.4023019429027
10273,387.88861194347425
10274,-148.57888863638638
10275,171.95235244839606
10276,-411.5705922226786
10277,213.80253827075163
10278,133.9300243737172
10279,-99.01717750124163
10280,-162.4172422455822
10281,-39.07419011347882
10282,-295.1584521832392
10283,141.3248135435956
10284,163.0598300533458
10285,-55.45540146241753
10286,-145.74067609352164
10287,16.350462436354277
10288,-364.29855848282824
10289,558.6630187376722
10290,40.05066121900756
10291,67.6373450429697
10292,559.8400846554662
10293,469.80694715741555
10294,-149.49980105452948
10295,-328.8227866996962
10296,425.7713170466742
10297,85.50466241179485
10298,-166.91553705584954
10299,-662.2984070393492
10300,50.28039165300356
10301,-11.355718332961764
10302,-451.81126444953037
10303,78.67283313413105
10304,-386.81879991735633
10305,-273.2273830523714
10306,352.01504544002216
10307,-263.8480409181018
10308,-214.7302229936119
10309,-84.88115489738435
10310,745.8832791254221
10311,-418.97510845227333
10312,739.199125166194
10313,-469.07742635294767
10314,481.82984486567096
10315,363.20797478744055
10316,-270.2530418207188
10317,-399.59212471613176
10318,234.45728030706408
10319,-38.73469357032642
10320,238.36874871850685
10321,28.697441990182714
10322,238.23095785965282
10323,-130.00744030000115
10324,-681.2945617788494
10325,61.580652959542704
10326,-444.92985067095896
10327,-14.713208392840533
10328,680.4767823428563
10329,288.73260649376437
10330,839.9704901556712
10331,416.65747651917934
10332,167.35603728915686
10333,-86.77953786706851
10334,332.7699676004363
10335,-201.33443093425336
10336,-43.62508298784109
10337,-107.90237779609691
10338,-284.0357380251705
10339,232.60855717832567
10340,237.83315171539968
10341,74.399805677203
10342,255.51770406364582
10343,-168.64961928561013
10344,68.56334601629008
10345,-365.4419817252605
10346,189.7064988609462
10347,-369.83324976670895
10348,-250.9002439023778
10349,76.31355019623193
10350,-344.9455092337757
10351,-187.42339326812558
10352,482.16975698252173
10353,125.75266972885974
10354,450.69194375218535
10355,216.17619018208188
10356,34.34193571930485
10357,57.51145596121521
10358,-211.41949894712727
10359,49.76249180949289
10360,76.11104020758394
10361,-29.196254490440722
10362,33.04895852873746
10363,364.5627121630998
10364,234.48280987315118
10365,-21.796554859090314
10366,-476.93787704779976
10367,43.56765899304683
10368,-310.9572136651691
10369,-46.94111622603689
10370,181.1955810713354
10371,-214.9624298200719
10372,-80.22706031522132
10373,841.2082291657363
10374,102.35678708586998
10375,37.297738046881726
10376,77.39818275960216
10377,435.7945214936921
10378,111.39479265155701
10379,-128.82922415387497
10380,573.0501210583957
10381,48.602468077911354
10382,-68.55414659218836
10383,56.68162450583028
10384,-360.30993199943964
10385,131.90192283450403
10386,-264.5258976334306
10387,-378.79324972499245
10388,-190.099292599766
10389,862.9152130409612
10390,159.57649666231063
10391,514.0204635801449
10392,61.38766780340685
10393,720.8758958326574
10394,-450.976731039802
10395,105.89444211999708
10396,-27.532603044002773
10397,-23.435561966770187
10398,331.2059982949455
10399,-156.0245639482409
10400,0.9477018385601145
10401,17.23240516531949
10402,143.23908417021204
10403,53.22645139074678
10404,41.01334926979439
10405,-129.3925514683474
10406,430.9165210459301
10407,-427.9096196573565
10408,49.11400485209163
10409,-221.64758038918748
10410,-313.75971218685044
10411,115.24452244706943
10412,96.10097204453538
10413,-399.9159849424205
10414,-8.411407923562864
10415,733.1841324374681
10416,-332.4267664916507
10417,83.67612042194318
10418,339.79274865544215
10419,-35.11570131451429
10420,38.204335433877766
10421,-606.1984890559304
10422,194.2728533894617
10423,155.0315511615822
10424,-111.25647787348389
10425,-63.33937163651607
10426,403.9358187289636
10427,690.9194303358594
10428,75.78129943645
10429,-340.31540652357586
10430,-195.76159542697846
10431,40.445138708755486
10432,-137.65418796029263
10433,-95.6747965895445
10434,290.8435378725027
10435,568.4646813472781
10436,351.2186507540745
10437,194.71516658168244
10438,-312.1508420871933
10439,-518.3107868724475
10440,-80.75158048061293
10441,-109.91053830578453
10442,491.4108364751959
10443,371.48514486049345
10444,343.85664466843537
10445,114.60785397368433
10446,-315.2044219098823
10447,83.10396509307071
10448,-82.59915101774055
10449,-182.21902722527562
10450,-294.91729245130455
10451,-294.21055531486945
10452,611.5470417356514
10453,-34.75613410359238
10454,-115.04157690057795
10455,263.2793379023756
10456,346.0565120928378
10457,194.6116152691099
10458,257.35614963849395
10459,-303.20809492711516
10460,-173.19591085705952
10461,-88.53983448578448
10462,137.60161200011197
10463,337.0486492780647
10464,155.7252346036268
10465,-250.2907929052377
10466,148.06340015143527
10467,333.6821886093777
10468,-260.33639238342545
10469,340.30790922791437
10470,224.68535571269527
10471,-607.2797170619307
10472,-54.85959294091857
10473,-685.0910817258426
10474,268.2582707785942
10475,108.797435633884
10476,-233.1676171727205
10477,115.89088157850196
10478,75.28875461498465
10479,312.5869539403421
10480,78.42590704679476
10481,-509.6307964395822
10482,142.15294578474612
10483,-567.6096744598838
10484,99.19784411013087
10485,181.7656936468096
10486,-27.407098394358364
10487,-646.8210508159744
10488,-261.6328162502991
10489,-398.87688919781544
10490,-259.4107520561831
10491,-252.05740356799078
10492,-25.647967227331527
10493,-479.35794942314163
10494,109.91068619021907
10495,161.94257969113963
10496,-436.80717423975483
10497,-66.01220442256769
10498,-73.60538265407193
10499,51.00273944619402
10500,7.609681032163623
10501,-38.39048673108282
10502,493.595970606928
10503,-303.44908054448643
10504,285.3630587606858
10505,236.93082121946205
10506,-112.90288738209145
10507,-104.91639705404685
10508,70.11071172015203
10509,-334.4021807746177
10510,-526.1520613513317
10511,26.69512668154053
10512,16.62507687890665
10513,-282.623918686239
10514,-156.76438922324826
10515,-368.7038524010555
10516,87.26698388397371
10517,9.6219614493943
10518,159.33855433394965
10519,737.8354361900717
10520,-63.52561489683795
10521,253.39234540406798
10522,-195.47926226047915
10523,-233.60406275700595
10524,672.0430027603301
10525,161.0264781163397
10526,-86.92388588378176
10527,767.449937631786
10528,300.1434547015425
10529,-264.6332621205305
10530,506.80692249836676
10531,413.7325757860613
10532,-227.95565420458556
10533,270.7218219182476
10534,166.27214538843162
10535,467.8359469952991
10536,691.0141927413322
10537,-235.19550162577508
10538,-204.49475633783672
10539,235.56549902566974
10540,481.5082289895013
10541,-404.28637162617315
10542,499.63459887902184
10543,-280.42362428355955
10544,349.6353570127746
10545,56.279218559326814
10546,377.78382419955284
10547,58.23929412508216
10548,424.2998121746481
10549,85.80041244154738
10550,-252.99288852458932
10551,172.86784495502044
10552,-190.10660020571422
10553,306.96428652366865
10554,-179.11766493342256
10555,-155.77590494004906
10556,-208.75257057910827
10557,-257.4259780204177
10558,-187.88708045784355
10559,178.95968589803064
10560,769.2994246067656
10561,131.4540049564619
10562,-86.33605847725488
10563,-440.7896941287975
10564,522.206337841692
10565,74.26044537058924
10566,-273.3451908082476
10567,23.88548320272212
10568,-140.88619011673748
10569,337.44189332546455
10570,63.42512024403092
10571,-78.12104360563936
10572,-209.41596150610624
10573,-354.3022169957901
10574,261.5495894072725
10575,252.7847530350218
10576,415.3327934963977
10577,-341.41062177496275
10578,-101.5430656172893
10579,-82.98003734434678
10580,-146.1918594508301
10581,-400.9570095088501
10582,114.68810161530726
10583,-318.4094491728407
10584,-27.128651113150415
10585,253.3920635503228
10586,-15.16159723590985
10587,490.27631015669715
10588,67.16055415516048
10589,-583.6536301606628
10590,566.8292227808812
10591,-659.7840206113412
10592,-280.34458657663146
10593,-618.484957603464
10594,-403.0815217720822
10595,52.58079586777625
10596,154.13724781790555
10597,-187.18724588646108
10598,45.06432286401845
10599,389.86980245897513
10600,497.4944277009732
10601,-172.6046614569696
10602,-199.48804830691145
10603,146.33213540458777
10604,-745.9314211823644
10605,-230.93578234679626
10606,-157.7376882351049
10607,170.55585672160774
10608,58.528195791273845
10609,21.77823537708324
10610,-33.84543238859565
10611,527.0115321450171
10612,370.3597932478206
10613,-83.70884929336657
10614,-297.86678182751774
10615,379.63004164090484
10616,-194.49981867886422
10617,-59.08115423924086
10618,-59.050741456085944
10619,-265.79533104064143
10620,-488.3242148449631
10621,-28.133316815096638
10622,-110.89724251663894
10623,642.5198198743136
10624,-25.10495824557505
10625,368.2746547201454
10626,274.7992135270419
10627,416.52612933638494
10628,110.5732486798428
10629,561.3783520521663
10630,497.1437621157764
10631,-201.6098773445091
10632,-370.0522982615882
10633,731.057372423598
10634,-380.13707915516886
10635,-200.6025155052085
10636,272.08601189375486
10637,269.84058991076284
10638,-243.56399508534574
10639,-80.64209434586856
10640,-467.9770128985551
10641,384.1033091717126
10642,-158.51464076438256
10643,-321.14290897908063
10644,-72.30709812158328
10645,244.89650104863057
10646,-111.76687989927579
10647,-71.30354161628638
10648,-97.14900534513907
10649,387.99285294446236
10650,134.07976082545437
10651,-372.72453971834415
10652,-153.89734891410603
10653,376.0557246783065
10654,-45.06699972728174
10655,29.11102420161679
10656,-164.3884137139245
10657,291.3802875570237
10658,-389.64290898924577
10659,-145.4538136607279
10660,276.5061419927242
10661,-134.09381091718927
10662,82.9481115548115
10663,143.77337061052722
10664,230.85377823040855
10665,649.8980469913479
10666,188.10011410399224
10667,170.77221614376163
10668,-533.8474844790479
10669,-516.1349688253703
10670,-356.7869746721654
10671,480.9037432056479
10672,-54.53599296167538
10673,-272.6605720403804
10674,-89.16369341976716
10675,-97.40004082496
10676,-264.2980377506265
10677,-558.8516759610405
10678,-18.22317398982267
10679,238.68337858797946
10680,-107.49682687897642
10681,-439.73714969227376
10682,-366.08737762044984
10683,540.4744022919009
10684,-335.91922953998835
10685,128.98481364662425
10686,-360.4650592778835
10687,-211.01458656819983
10688,115.7038360539971
10689,-723.6333562247717
10690,380.8939221056086
10691,24.3009698057555
10692,-145.38761452740954
10693,-157.28295617853877
10694,134.10336003672953
10695,215.95710077116155
10696,-310.2061637343891
10697,18.018883693842767
10698,-287.169694729659
10699,-244.82888943623868
10700,-126.15190632103004
10701,-276.851033697201
10702,-63.90282319538384
10703,-268.2907419843652
10704,80.99060618707665
10705,135.4919764914788
10706,265.8617173707355
10707,290.15338931857457
10708,72.85750706987585
10709,-88.64501838284363
10710,-562.5238017086104
10711,-257.9685916645922
10712,-88.32818773227652
10713,-608.904891354577
10714,16.648129846867317
10715,-117.99664144508849
10716,244.48813585825076
10717,60.96132064652678
10718,640.8504726114269
10719,15.073592658662324
10720,135.006444304773
10721,39.523374533232335
10722,86.44560574134255
10723,20.33765461545553
10724,217.44242023198038
10725,-8.574845990247494
10726,172.3975873173991
10727,-326.0037487732894
10728,347.58134072403806
10729,128.95803909114528
10730,-379.7500886129533
10731,-134.70695705662484
10732,153.56888514342418
10733,-72.12278608897051
10734,183.3084883057265
10735,-456.53877619137864
10736,152.2753016259966
10737,-20.658280599070732
10738,245.62232835465807
10739,776.4009728233557
10740,-320.1434529602244
10741,-479.3197082847778
10742,-69.7543486029083
10743,-372.0104531960515
10744,397.2822473818083
10745,94.97293025154045
10746,-545.8700939849764
10747,92.71733084803344
10748,456.6232467986969
10749,140.33519629203968
10750,-542.6167845034416
10751,33.256178473055456
10752,237.5455531193662
10753,-260.51478060377366
10754,-227.74117804894502
10755,-18.374207944644404
10756,357.2320793577896
10757,234.168663223795
10758,309.0494908647157
10759,109.41620907267853
10760,297.04627719533806
10761,431.28271868977276
10762,-285.9027541516833
10763,-461.12318506056266
10764,458.8411685202925
10765,-35.13247865793422
10766,-138.96677867277984
10767,435.87811135413864
10768,-327.5517324812428
10769,-16.175842225601084
10770,32.687383150972025
10771,-143.1103609361337
10772,-82.91163796819326
10773,-26.395849579088463
10774,-295.90654248376876
10775,-300.94455130927724
10776,-157.03746176056384
10777,-444.10542517056706
10778,55.54295923374432
10779,136.0957334337383
10780,-59.93423441413812
10781,774.7869393558543
10782,-291.82146940254194
10783,449.65451335805204
10784,-231.20082491305257
10785,88.18058840405124
10786,511.6823816159443
10787,27.698913991854102
10788,69.7190034307854
10789,-684.0304286748193
10790,-181.1657541891077
10791,-592.2856835316268
10792,-326.37230449136814
10793,527.5739554313373
10794,-175.98223228892513
10795,555.3273243262493
10796,-40.06219256947642
10797,-242.90961184425652
10798,466.47500983220885
10799,209.7265782177988
10800,112.47399028633798
10801,655.9597092112729
10802,-253.67288201365415
10803,-143.14006436902645
10804,261.9090334491251
10805,-51.43052462098913
10806,-646.5343714931213
10807,-114.11730645512894
10808,126.14931118008019
10809,204.593462858995
10810,-300.3936136583134
10811,-415.6867458895395
10812,6.449152884280912
10813,72.80107777482856
10814,160.660872081452
10815,249.31168929181698
10816,-248.2853452465631
10817,7.830629922612645
10818,-466.3838270166583
10819,290.15144404460136
10820,-309.03320656333955
10821,528.691661195626
10822,372.493847932254
10823,-328.086266309685
10824,-94.65873407725164
10825,55.5691941404574
10826,67.34382419031697
10827,-533.668381249131
10828,-128.10863350344835
10829,-542.9948584464184
10830,54.63463967258095
10831,182.6604348326789
10832,-41.29948573089112
10833,652.8127633917355
10834,-336.96578073788845
10835,99.96282019773797
10836,811.790016336707
10837,-346.25211606529996
10838,103.69087960098355
10839,487.73608126333227
10840,120.8956910139914
10841,-324.32967405436926
10842,-136.41212971214836
10843,-41.92443003097695
10844,282.70298658023376
10845,345.62032897020504
10846,124.69798534752333
10847,-206.11335283373415
10848,155.93998583214025
10849,-443.76722994338513
10850,-273.343003400596
10851,195.95033081854567
10852,-30.690040851399644
10853,86.56778659815433
10854,-312.2113618894962
10855,41.00524696145789
10856,307.67518019994753
10857,532.9059494214046
10858,260.16168056338034
10859,362.0055075337368
10860,101.3289812019684
10861,38.441296139894064
10862,20.267674753902803
10863,117.44024988074595
10864,573.6911827078555
10865,-507.5920585145005
10866,-211.76962671045646
10867,-78.39989740428138
10868,-319.57376765957326
10869,-267.44656441833416
10870,-780.8570319676232
10871,50.22998055644345
10872,-298.54901081716696
10873,23.392386523116574
10874,-76.2905974101474
10875,-257.5974704642544
10876,171.5643650979654
10877,-121.60078316248962
10878,-451.3737768554303
10879,81.1353388426824
10880,-212.55249317142597
10881,-3.5349272290953317
10882,-408.25548100018483
10883,-158.65133194465773
10884,238.39834201613075
10885,-133.03572327369665
10886,-266.0840826060639
10887,247.74270438194728
10888,347.966544283237
10889,-511.31524281086666
10890,21.81587121501969
10891,-163.84140964229096
10892,-472.5608363970475
10893,-365.00826715123475
10894,272.4371379322401
10895,92.37376374891618
10896,491.8081456846514
10897,-200.03605813580842
10898,144.3149082498745
10899,-554.3580524199989
10900,-449.3575578941574
10901,565.0154801799597
10902,446.31875807462126
10903,309.6973881874127
10904,282.9279414077501
10905,176.19762818996767
10906,-315.14185176038103
10907,612.3377931152967
10908,274.25223124773106
10909,-19.436173058565018
10910,404.62544777052415
10911,47.26648142698553
10912,101.896240809605
10913,98.14809562777884
10914,-231.35258244372275
10915,136.3361231916425
10916,-150.31005926794933
10917,461.19954997878796
10918,145.69015888427313
10919,-405.82374187555786
10920,-405.552565875096
10921,213.67394365056114
10922,-204.80364027314397
10923,-118.5706379105084
10924,675.230264829072
10925,145.16198786853437
10926,489.68700201996245
10927,-173.7655745936934
10928,89.69168465283671
10929,239.01179154230988
10930,-68.18000068660083
10931,93.66677561513278
10932,-196.55301722008664
10933,-711.753444720093
10934,-104.15023991148948
10935,55.730039501229506
10936,74.24035058478634
10937,625.7495908769044
10938,234.9868848687545
10939,221.5929479387564
10940,61.93159175679473
10941,239.73644833443612
10942,-21.33808181831821
10943,180.16473629709188
10944,14.918627995497912
10945,-374.8656883482513
10946,-397.5149288584032
10947,114.66690843216146
10948,-269.6162287989431
10949,0.13921221449169405
10950,-34.594846760693564
10951,72.73402122668139
10952,-188.8055631390382
10953,-365.5336719234536
10954,-67.59552255426782
10955,19.501170139178832
10956,212.7825901382334
10957,170.72284688263193
10958,48.756055882018295
10959,-239.44652279164632
10960,409.73820515517974
10961,399.86800565030904
10962,18.69310045997621
10963,165.7669719598435
10964,-124.38945349671052
10965,54.99452321278645
10966,640.432074564868
10967,7.5787927355544715
10968,-265.0476304100111
10969,1.692733091093691
10970,18.517133621267647
10971,-248.8516393016928
10972,106.861931546508
10973,251.6391431209095
10974,133.83773953640673
10975,-358.26696137693045
10976,426.26144731764083
10977,71.97842246974065
10978,-322.08755962522014
10979,438.84026750159353
10980,-40.13211449134178
10981,283.80356865292566
10982,-487.9061953325844
10983,-86.93302825214813
10984,-470.8501510916901
10985,73.14648277315182
10986,-688.3900989407992
10987,392.4785675660408
10988,-328.6310374955381
10989,149.3916006346925
10990,321.7931147606054
10991,584.393087045063
10992,206.75729570024882
10993,36.548225997008
10994,-37.77828521118806
10995,-551.0517094651361
10996,-107.85120387757017
10997,-176.8060279535304
10998,-356.88949117318253
10999,418.41458411247834
11000,-26.133496016981592
11001,-213.90951362803085
11002,246.57978881987668
11003,-32.01102494971236
11004,-126.7325884958265
11005,26.914491557619403
11006,198.9219737629519
11007,-18.843554414707075
11008,-119.51484607642381
11009,-389.9037605310737
11010,-149.5092860714787
11011,-308.9620302146944
11012,-478.7771604137522
11013,-616.7291412522794
11014,-25.89082961138497
11015,-133.17659031686375
11016,-633.0587252293205
11017,-32.263294745607574
11018,28.795819581694808
11019,-290.0013236406603
11020,-168.02496539200072
11021,-173.8410200197394
11022,107.27955415166306
11023,278.328785207
11024,164.736651815913
11025,596.786019950616
11026,737.7802177171224
11027,-57.04439870388741
11028,-20.381913027885393
11029,193.11140830024658
11030,150.9524222036819
11031,-340.8779258558667
11032,207.5565702465377
11033,-27.67472612589233
11034,-146.95165736571195
11035,-121.88066829612706
11036,144.47950532989032
11037,333.2095316788969
11038,-452.51312096804514
11039,-208.53684674422328
11040,265.844947523609
11041,-86.19645950050075
11042,-456.0106179223627
11043,-377.7300472014272
11044,277.5566889704532
11045,-98.28816556864354
11046,-258.6774182328504
11047,508.5130216465906
11048,-27.829466767414942
11049,-397.83822522418745
11050,27.294231548041882
11051,55.46090696291305
11052,86.52443961502657
11053,-417.7182670641674
11054,265.07469217437
11055,126.49537980057345
11056,-731.2337998933423
11057,26.76852907043172
11058,15.172424965473619
11059,603.1491770539611
11060,-68.51036908576071
11061,-630.1588497389251
11062,391.43989504517015
11063,191.26739771271286
11064,-82.79915889804529
11065,874.2798355716817
11066,130.1022096560792
11067,24.82525762983926
11068,10.015684555530497
11069,407.55355195098457
11070,184.93372244983647
11071,699.4013403550845
11072,12.87418217124946
11073,-569.7950312054745
11074,-60.618267530271496
11075,-96.58944292586074
11076,19.660708357384397
11077,30.2259690500662
11078,-107.06858214835675
11079,-23.448153023308365
11080,-16.563489755112254
11081,18.76731799858803
11082,145.95038182220637
11083,-428.1027566009211
11084,-158.174776110372
11085,-44.37808089678834
11086,-411.29977054483015
11087,218.42101808202466
11088,141.2453078447525
11089,316.63475597059073
11090,93.68023982535513
11091,154.1640540256554
11092,-132.9202502359105
11093,-293.87357139530707
11094,485.3063455878749
11095,-271.2294815068546
11096,373.38314717843326
11097,-359.66959875632824
11098,-459.99230445069503
11099,209.05369852328204
11100,46.740083514877334
11101,-767.8965435991784
11102,-153.96946682570592
11103,-66.68289246156814
11104,-15.944035080887403
11105,16.07598434500014
11106,157.0389367015735
11107,585.657863559291
11108,-259.638105979392
11109,264.4864666930857
11110,171.55865069952745
11111,182.06572554508486
11112,-336.88337336089194
11113,-403.2385387031518
11114,114.57772510795468
11115,161.8364434963895
11116,-628.0447010001049
11117,242.01175305538806
11118,362.86303611765356
11119,60.713706404244434
11120,-359.3112312132589
11121,-379.0818795057267
11122,237.83778494978847
11123,-293.41750913992485
11124,-397.4513792029814
11125,159.58885605132528
11126,365.0374752135952
11127,-720.6128464897356
11128,500.16486577148373
11129,-11.265810006162912
11130,-69.35501502523815
11131,250.86562155967806
11132,-169.3067854080245
11133,120.43720692692621
11134,-39.953157825393326
11135,-520.8790659997444
11136,-631.1061053453724
11137,-189.45128724586746
11138,73.57078736644318
11139,39.638131936282235
11140,-459.8374387751047
11141,4.029071723496335
11142,-197.44889965681625
11143,62.38974256914694
11144,-186.44535236927172
11145,-133.6082201956018
11146,305.02297895286426
11147,-46.0224675921478
11148,-42.281475985007376
11149,-174.61342313978213
11150,-221.81742427816582
11151,-177.58255371476653
11152,-1.6457791602113114
11153,92.19561472892799
11154,380.63664334812404
11155,5.1762855335079845
11156,-43.26413786035991
11157,138.56909768313258
11158,-644.237339971805
11159,-264.0526485409807
11160,388.0771113359528
11161,-314.5755039675319
11162,68.59577885369859
11163,313.9025059586704
11164,-174.13638000550006
11165,75.24506091716708
11166,-48.300496534790305
11167,366.32813493054226
11168,-300.95317522451955
11169,52.29547497280717
11170,199.7645085288463
11171,-291.45213888117746
11172,-221.25525714195143
11173,-347.63373665011375
11174,-203.16973722566001
11175,-377.9229754446042
11176,-39.059901238720876
11177,-27.657708986923335
11178,-4.840069011083005
11179,387.69317018167004
11180,173.07521100861516
11181,932.2704016789717
11182,-79.75948934966536
11183,140.8319773722504
11184,39.68402985812759
11185,443.5242080443128
11186,342.3599487202387
11187,-137.85795258406318
11188,596.3305304911723
11189,207.64692642350752
11190,-628.7444696897267
11191,498.5177064988438
11192,-157.93924874004853
11193,351.1078397657421
11194,21.711333535600307
11195,-147.8588200554936
11196,204.57246274928087
11197,29.474618249412824
11198,121.43392964124426
11199,-565.6199353865662
11200,-229.6105869585275
11201,-46.80447710874096
11202,686.9993413504818
11203,-439.37600813835627
11204,-564.3067809262274
11205,-449.44523872061194
11206,-187.01337557795335
11207,63.714470752307236
11208,226.53217961128937
11209,-238.2619588660747
11210,8.031752667967337
11211,-360.6886941851465
11212,-123.99311613868593
11213,-388.8646194630035
11214,21.02586263144633
11215,-301.50187125630384
11216,215.87740831289665
11217,403.5102100498
11218,435.6976033569268
11219,-107.10092088372184
11220,186.04692078373654
11221,347.56948473980617
11222,258.81395911530467
11223,-431.375661481793
11224,-169.35938198101977
11225,106.3866800430395
11226,11.40634334777965
11227,362.59620402956415
11228,-602.2073540911475
11229,707.5559184457942
11230,202.1749187820548
11231,-50.33711976765706
11232,-170.32942345324912
11233,-33.31137090394976
11234,194.42983492011558
11235,-358.58935096740674
11236,-212.2653532691773
11237,-291.42110382226315
11238,295.5576189497114
11239,-278.9733872730839
11240,23.65365330010982
11241,-64.46361090683928
11242,-550.5130672413399
11243,541.3432697524754
11244,95.06333041130976
11245,14.598207374632764
11246,108.6088351912705
11247,-390.97470911424296
11248,358.6664196609009
11249,-656.7373713546326
11250,39.62170404064987
11251,-112.10781397641757
11252,-3.996618183603972
11253,-399.3487785294674
11254,-189.94215830266765
11255,25.705003254618138
11256,-514.3423090508951
11257,42.903388996472714
11258,-18.93265242156677
11259,-109.3230964996573
11260,-32.89909171394681
11261,-543.8120026538534
11262,402.3710870309701
11263,36.24431537942745
11264,228.3040758000942
11265,346.3830222771373
11266,-401.2227069906848
11267,54.057197731365186
11268,6.862233348084156
11269,-3.812080565892184
11270,-445.45149197388776
11271,162.08751874326924
11272,176.367525013871
11273,-516.9719819284373
11274,189.99316009348988
11275,-164.45712796519317
11276,174.209947128328
11277,-510.0297763148841
11278,174.78488510987137
11279,-352.7463243272838
11280,-145.46097708961665
11281,456.97186117066127
11282,-463.51489067262776
11283,-363.58427640439334
11284,-157.84808228490363
11285,-195.36060962026167
11286,152.04068775685653
11287,-197.0922676688173
11288,36.48096536871976
11289,993.2248779784686
11290,-387.02879318681505
11291,-6.616510882803303
11292,-272.0688608858405
11293,-138.5995455101103
11294,-105.03944861259981
11295,-21.529524404723418
11296,91.05719915022938
11297,-65.79119714947224
11298,164.4728771009368
11299,-17.99782702746483
11300,783.886659713914
11301,-339.2311247243126
11302,-196.48456361783548
11303,357.21849540968225
11304,186.31062521156932
11305,138.0941036840313
11306,-11.632461477738422
11307,175.80916373420368
11308,-224.61734983236224
11309,68.85579641186737
11310,201.21113139003924
11311,257.8711428771628
11312,-432.8705595172984
11313,-893.9998008184384
11314,671.8650784658577
11315,-143.37264919121802
11316,622.238658666282
11317,179.38442629047248
11318,553.7744088919059
11319,133.3992211640381
11320,-278.7634418316659
11321,-316.62804095298424
11322,503.4156628826668
11323,282.687135996657
11324,-192.34979075415188
11325,-266.50621593517366
11326,28.442092691971933
11327,-502.810664488934
11328,-284.89716781773984
11329,334.32539610270413
11330,131.85559421631274
11331,-163.06900527506656
11332,207.69781044505328
11333,84.53775535541736
11334,26.25962906610301
11335,-255.92213730636703
11336,51.282902742481994
11337,-102.04962146231112
11338,160.4343041062869
11339,285.3933559563086
11340,-58.840964521681514
11341,103.10534910665882
11342,-294.3112930187336
11343,376.9074907782758
11344,69.80186693396892
11345,866.00018852261
11346,-39.37289658053944
11347,64.61420289331797
11348,-169.65603416906663
11349,-545.1873976319997
11350,-61.7696368475372
11351,-497.32028453380696
11352,462.29111052928806
11353,-153.26914250955562
11354,-206.00694145910268
11355,-139.67967903899935
11356,-86.3160350000836
11357,589.4439429065599
11358,213.39162365467138
11359,160.84269205249754
11360,189.14311879095456
11361,-353.62333168120335
11362,-195.4614688813514
11363,-130.97048784757055
11364,-411.89784821070856
11365,339.5361109610372
11366,278.7080285787563
11367,262.53933089099746
11368,-182.31524737855898
11369,312.59253988430606
11370,292.5069660284918
11371,-191.39812913021453
11372,97.19896589042807
11373,-323.0624519693483
11374,-641.6335236830918
11375,34.404317785941345
11376,332.6146395449392
11377,374.394290801145
11378,79.74057443698234
11379,-175.66454148011684
11380,161.84977999054553
11381,247.7096272690799
11382,90.7385821923593
11383,406.9195427827264
11384,-128.2933840449147
11385,131.27330755535525
11386,729.3094416276249
11387,721.951650776263
11388,-177.94000063372462
11389,709.5229020169676
11390,68.44182794627663
11391,-488.048106713703
11392,152.74593914617654
11393,-239.2502847833342
11394,-147.2809571447958
11395,-45.20831857564572
11396,-222.12449344542682
11397,-332.61528388191783
11398,-119.36737582300415
11399,411.59761537416597
11400,165.38288375399023
11401,488.27546568671994
11402,224.14489930098824
11403,57.12319327873894
11404,264.6650201978729
11405,-126.7509829447083
11406,-376.20602059400903
11407,48.79137391778432
11408,420.19806400514153
11409,-415.55963971310854
11410,-45.07267871498928
11411,-169.48557453543214
11412,744.9633226613818
11413,-534.1845713199484
11414,-151.03112809100887
11415,577.9358654693666
11416,46.72638739060801
11417,311.554081805622
11418,357.306376588105
11419,265.4127384398405
11420,-253.5973690253509
11421,-473.88134405003046
11422,12.688444605877136
11423,-132.56426690048792
11424,72.4738192034762
11425,217.43580522922284
11426,-335.7785201122076
11427,-262.20462447685367
11428,95.51698320910201
11429,-209.18192024535986
11430,456.63567349234273
11431,308.4305601974662
11432,-28.853731125681772
11433,-358.51784715108096
11434,128.3117267744263
11435,145.6247243814601
11436,95.66700803418517
11437,268.2835409130817
11438,-466.92441624646364
11439,-314.3209496912708
11440,344.74066488627756
11441,220.70755813671107
11442,-578.4755239012403
11443,174.80907811479435
11444,399.9414839607328
11445,732.6720966332518
11446,667.3027303329159
11447,-63.09651298272095
11448,245.906522028922
11449,21.73019301948845
11450,-248.65264042472614
11451,-197.0407550517397
11452,-282.0464722650833
11453,-81.15238925755432
11454,52.36536160378665
11455,-2.2571267781345066
11456,-758.8756116063778
11457,213.49145912249023
11458,-169.27147826397643
11459,184.72028865201258
11460,256.56430497475236
11461,-63.24889777651958
11462,-272.7178718373249
11463,135.79446347148937
11464,455.7807433953053
11465,-129.35637652171903
11466,62.87337039221993
11467,-386.8529378948041
11468,267.2276588361106
11469,287.2411869226277
11470,-52.09972865258464
11471,76.4069566483913
11472,-138.16215089738088
11473,203.55614864230515
11474,15.488711020266061
11475,-5.96808251696866
11476,-31.644142590968833
11477,221.56630230692616
11478,-687.0023182063171
11479,483.78422314354026
11480,958.0223790880726
11481,191.5960609293115
11482,-58.589705574535245
11483,259.4623062040432
11484,-6.316757561911709
11485,-270.2884690000886
11486,-772.4642296251153
11487,-146.46331926199855
11488,-37.78146099301598
11489,331.55195758225
11490,570.4745741117807
11491,-182.59989627575132
11492,-356.0940866069383
11493,84.14295121036419
11494,-115.72664179916536
11495,431.89838199540986
11496,-39.02760836085498
11497,28.163383062948505
11498,-54.06385343329298
11499,-259.96553784016345
11500,157.69687820480777
11501,-451.57353618095306
11502,482.5565048687753
11503,242.55694520909987
11504,-588.1137438098017
11505,81.01709689599352
11506,325.4067394440305
11507,-22.052235150655726
11508,-296.278504197331
11509,299.05191358613894
11510,468.26993122394765
11511,-99.6074695148784
11512,5.278085447166726
11513,-101.94715017070865
11514,172.81543496339012
11515,-676.7207529529063
11516,-85.33458519818774
11517,117.54369571648171
11518,-83.62878738830571
11519,179.75562770163444
11520,-83.35296347452748
11521,-21.419178952216786
11522,292.12474624327615
11523,-100.16396087765186
11524,-295.44507824255606
11525,-196.19961546096292
11526,-90.40349798566042
11527,-58.11412409491385
11528,-400.37934469764457
11529,236.32717532971452
11530,-312.00489053945023
11531,448.89904737276436
11532,202.7355050769525
11533,94.92875456289609
11534,60.24730791751084
11535,-149.43663249088377
11536,406.78338146580217
11537,600.8120265364311
11538,-23.26355946076224
11539,-565.3127069056474
11540,156.44069172561146
11541,648.621546623954
11542,405.7197964687422
11543,261.8058313693001
11544,22.356083935015594
11545,238.41247473228856
11546,164.56802375270135
11547,-83.34674114858187
11548,209.7749198244942
11549,-198.97437741530757
11550,-78.7347321033747
11551,27.7324881019245
11552,450.3167950749095
11553,-78.31520558005131
11554,-267.6389063338019
11555,348.3318744546581
11556,-404.4550391740677
11557,330.0959394936931
11558,-532.9705587435963
11559,530.1667228330983
11560,-741.0568046410538
11561,478.64952344733996
11562,164.6318792135607
11563,-449.71075314711857
11564,-412.1148110783392
11565,219.12773907510572
11566,-378.6893095030045
11567,368.73338805453443
11568,37.33842695846868
11569,396.493495004053
11570,-29.3297947185355
11571,35.475251839090795
11572,-267.29107555681384
11573,-417.34657979130947
11574,-250.30106527663753
11575,-228.95720009218715
11576,692.2513473375053
11577,-411.15737206575284
11578,482.32117888249974
11579,109.40386922308687
11580,547.620581513899
11581,179.88426508469234
11582,-521.5793101895117
11583,-0.536672220206817
11584,-1.3108832742801433
11585,-248.0508314562959
11586,-243.06806182013122
11587,199.56730075170205
11588,381.32404325693363
11589,-393.16880388739696
11590,138.2324527613484
11591,34.24105569798833
11592,-4.629154614118193
11593,-151.86193128195808
11594,335.54637222708953
11595,-93.14529808270554
11596,507.7532186638951
11597,-355.46562053382195
11598,143.08978438160884
11599,137.94688403626935
11600,-151.04600604389697
11601,-19.601773692468782
11602,105.8488271340618
11603,-172.7851899812659
11604,482.12726370999786
11605,-267.5391741332549
11606,39.90555578613019
11607,-52.85579653107455
11608,-21.22244673121002
11609,155.37989346108444
11610,-96.06927783501636
11611,-163.175304096997
11612,-180.365739773551
11613,-264.67843452360006
11614,171.42795164643712
11615,-11.457713362941915
11616,239.99734190689654
11617,-39.84995383841617
11618,-211.7416065579572
11619,-354.1693561735651
11620,72.47946295208922
11621,306.82020444019327
11622,10.710238479162442
11623,-367.95164299727287
11624,280.9986782848991
11625,607.1342789952013
11626,226.0786669570699
11627,565.929638014684
11628,-147.76747216989872
11629,-314.0375602749045
11630,-180.04553525208865
11631,51.270977379872
11632,-118.81984221413423
11633,-258.26062194274715
11634,-229.83713020204362
11635,200.3647586231519
11636,-348.07141756400995
11637,-584.8608659725446
11638,-4.929876831026039
11639,-163.44221481669868
11640,87.02751929856956
11641,41.56663504345348
11642,-494.8904637770148
11643,-60.88771120297506
11644,-173.55136971975074
11645,181.2645211802122
11646,-51.32570908677056
11647,43.95099730518155
11648,-517.9818134858784
11649,-355.5526669032854
11650,272.4021668773412
11651,490.6303834469724
11652,-37.234706867821814
11653,100.1917811771595
11654,32.26474311666972
11655,342.38399589459635
11656,-274.3839964056687
11657,-461.59948018183655
11658,399.1178188156315
11659,59.941662419266244
11660,-119.0269379629812
11661,-281.7090515974905
11662,-127.62868444831855
11663,-556.5819101778247
11664,-79.37923441221965
11665,-84.28398755174997
11666,-212.8581543336195
11667,72.29858467981312
11668,-416.4589989203812
11669,-151.39277066781824
11670,-112.9432574665685
11671,-386.99760536798254
11672,553.3497133654164
11673,-80.93783458087148
11674,265.6051645120158
11675,498.0645050415458
11676,447.88340767692483
11677,-162.95338863408995
11678,121.20351520652028
11679,106.02342845843143
11680,340.5063554149725
11681,4.314416762781507
11682,-92.64783669165432
11683,-354.1295771288342
11684,214.0074765324251
11685,-345.6914287422602
11686,-271.8022086291159
11687,426.30907737815335
11688,-37.75750717052057
11689,-180.46345723783446
11690,-97.58231078807184
11691,347.8223132335263
11692,-237.01309080397715
11693,118.12311870118708
11694,681.4766679385006
11695,275.6633448909281
11696,185.16481639957317
11697,-13.159363367316002
11698,274.0722474871899
11699,178.76102965588348
11700,-178.9803951614063
11701,391.8425175864835
11702,-308.94994109698
11703,-324.8362159483893
11704,262.0871357430684
11705,398.52106409403973
11706,-368.2548804329607
11707,-181.18251143785005
11708,-166.41347208747445
11709,68.98755258725318
11710,-249.49012878431458
11711,443.60337484328977
11712,13.650459883850042
11713,-212.53037852371764
11714,-27.915418712236068
11715,-240.79982184571014
11716,-142.88309144793692
11717,-285.8343043909048
11718,460.6316686800933
11719,-225.10788029950606
11720,97.82651932862004
11721,350.58725687428375
11722,378.8238516684877
11723,-3.884845525272667
11724,-260.94828856683785
11725,-64.56158617381816
11726,-270.6032841666918
11727,-569.4207476943709
11728,142.4683839948796
11729,228.15231792746692
11730,170.90589405270768
11731,-88.73300598116812
11732,179.5851459685294
11733,176.78682556049338
11734,-56.27057434823846
11735,-185.8725872968256
11736,100.44658731097032
11737,-63.66217954558469
11738,623.2061139971222
11739,-122.1689810537805
11740,-216.5726412681251
11741,-130.98097450073652
11742,-293.8266585893761
11743,167.92384362729936
11744,9.259507593413309
11745,-587.4956962603293
11746,304.72480941847647
11747,251.46359511685228
11748,-304.060967745242
11749,108.04336957546032
11750,-218.67189979790214
11751,-105.130183885436
11752,121.35633108715724
11753,-302.96404134850036
11754,529.6616399285874
11755,-224.55011115095357
11756,688.8598020995776
11757,121.62140840748252
11758,495.863309637399
11759,-104.89700800321316
11760,-39.40369282771173
11761,-218.43393840893393
11762,-242.0754292376032
11763,328.4691736616506
11764,-121.57062322437406
11765,-351.96132723645655
11766,235.89654336008937
11767,211.84331613383605
11768,581.9859083831248
11769,-187.81685176717662
11770,-88.20353056281306
11771,-121.26318282161405
11772,-682.3449315356831
11773,-61.4559935715819
11774,69.00904133898298
11775,132.8948728469895
11776,41.64682074346322
11777,-513.1698248834672
11778,216.74344092334672
11779,-533.8087878872966
11780,-467.1030650315719
11781,39.6939896551461
11782,178.8448375901786
11783,-255.91268436083124
11784,468.6909720129365
11785,-959.1458675174443
11786,201.86251191588616
11787,-282.56870707573813
11788,-392.43495156660384
11789,-219.6877577980355
11790,169.59302266781228
11791,-21.895665769337185
11792,-242.27992228725668
11793,35.58886075134675
11794,336.4403335300432
11795,-63.33152033000652
11796,-4.4460482737869755
11797,-312.31536571456
11798,14.5814155719426
11799,-258.2235127345506
11800,725.8387913302835
11801,-303.828064620401
11802,-726.1845220640307
11803,93.4226836944134
11804,92.79798258372101
11805,342.41232925067294
11806,856.1825394344153
11807,-54.883147062182
11808,-213.13720641425502
11809,-365.0835488849476
11810,-733.4819620034942
11811,-206.05838193577964
11812,-418.2722352600779
11813,358.8044694709529
11814,-260.6223453246693
11815,546.234572258784
11816,187.44948665602976
11817,-22.03398290079559
11818,88.7305170234141
11819,-243.13847978487783
11820,-41.379666278956385
11821,-543.62402412009
11822,840.8060354669684
11823,402.8242218186642
11824,79.42070559550062
11825,473.3897942639644
11826,-57.6454900468166
11827,210.11286727244195
11828,-185.75745290109958
11829,22.76913800358603
11830,940.7468340773512
11831,-442.7066678021553
11832,-475.2447822521923
11833,-339.9942839816207
11834,541.6463647301906
11835,333.4990795646739
11836,-765.4962533792753
11837,91.19318918087245
11838,164.4507322896627
11839,274.6128331227385
11840,263.18825389803794
11841,303.62233467676464
11842,-92.18952553795586
11843,208.97371337568308
11844,-170.03419050961486
11845,41.558196358047525
11846,-670.8313651099272
11847,452.6593777040687
11848,741.8102612544454
11849,420.55241150407414
11850,400.35300244817773
11851,-181.64239575564199
11852,162.04635840200527
11853,2.748093609333554
11854,534.6906446334301
11855,145.05936874351258
11856,245.63977352375176
11857,192.70633663604949
11858,486.5739863716465
11859,525.2699999852708
11860,172.00159142779134
11861,342.56191471401763
11862,-338.4488098951221
11863,99.97133504380345
11864,-176.9017178169028
11865,316.42601020393306
11866,-637.4632411206281
11867,74.5333573639019
11868,-319.6093541834506
11869,-234.07357196963395
11870,238.8317632455622
11871,684.2995158543798
11872,-273.39394690634384
11873,229.4938738284958
11874,-191.42805181835223
11875,591.7365509012382
11876,-357.71707695786665
11877,279.34920279935307
11878,16.385346982374337
11879,1015.2321071191616
11880,-44.247648670116725
11881,-259.12038484959885
11882,6.686312571179842
11883,113.41765950025386
11884,164.36906042910576
11885,-219.7909106431459
11886,-50.91215016522601
11887,234.69378482921343
11888,-225.74604715601245
11889,-124.56806112022957
11890,89.330806345862
11891,-24.039822321153608
11892,949.8138509171469
11893,21.68529324294769
11894,-333.0669156217108
11895,51.63526677112736
11896,-328.74705891806923
11897,-622.2335618237695
11898,-406.8257232673671
11899,-126.38083816157013
11900,-298.35683404440863
11901,-494.6324027328497
11902,579.022340758398
11903,170.42489512238265
11904,160.45127278901404
11905,-127.53245750920851
11906,116.5126074916412
11907,137.2448368952323
11908,-1.2351263056271664
11909,613.2508183966264
11910,435.23448086059403
11911,160.38696710023333
11912,-185.4738897703503
11913,188.64065599401115
11914,-610.5603513173605
11915,23.71465718639963
11916,-97.90469140459547
11917,-120.61345408597195
11918,353.0787173357874
11919,-18.442887505295488
11920,-120.28546893417442
11921,15.392910103857774
11922,185.8069680477444
11923,845.6527630055799
11924,349.4593287705582
11925,45.89263723696627
11926,-7.23792875100219
11927,-164.71617083396026
11928,107.29963692985874
11929,-99.60009978114886
11930,48.616369269303355
11931,41.19970604370645
11932,661.6732170958662
11933,305.9589879497773
11934,500.41107558683166
11935,-231.16099217574427
11936,334.1777324993185
11937,-326.4023426632563
11938,-574.1806195838036
11939,148.54087270945143
11940,613.9878825912874
11941,184.5203674198837
11942,-216.10046725875532
11943,-616.0735283229868
11944,127.4698406742707
11945,-96.88155439275
11946,-167.71203784394393
11947,-349.94699488619244
11948,6.614867126927091
11949,543.2797064068856
11950,-362.78103146833774
11951,-330.05741949466477
11952,347.01454873631695
11953,526.4307732934468
11954,-69.34252030457009
11955,368.08942932477544
11956,381.72371964173834
11957,345.85284032808335
11958,-204.6898131886203
11959,157.89721831896398
11960,-967.3833642179104
11961,527.9548197579915
11962,-338.8496057859542
11963,609.1811386017548
11964,381.1166205897983
11965,-18.351583240230365
11966,-92.24291830783098
11967,-166.08686551614514
11968,-173.93959945806196
11969,-221.13734204317612
11970,-228.37612245128585
11971,198.06160680945948
11972,-713.006476934303
11973,-89.68186474183354
11974,-480.00457016778006
11975,-271.7333959227007
11976,565.3236399366714
11977,96.1114826323293
11978,178.61335856961355
11979,-61.17433245470539
11980,-368.69168724005834
11981,4.847746578177841
11982,414.4138213444013
11983,-760.3183167930516
11984,84.9127153268606
11985,-251.84732552029044
11986,280.7075845895199
11987,-391.25027825107674
11988,608.4991171703743
11989,-27.80846060721202
11990,-123.41411926925585
11991,-130.82924419408315
11992,18.553068892602543
11993,-433.1653758772137
11994,-303.7091261164651
11995,464.7152549850787
11996,496.4853344672781
11997,-35.13540941579565
11998,-131.6791845343871
11999,417.2691546213337
